gene,log2fc,mean_hcm,mean_ctrl,t_stat,p_value,p_adj,significant
MYBPC3,2.4178,10.2267,7.8089,18.3535,3.239039952202538e-30,0.0,True
MYH7,2.3551,10.1527,7.7976,13.0636,1.2779015560218122e-19,0.0,True
TNNT2,1.5708,8.4516,6.8808,9.0243,1.1090918891818035e-12,0.0,True
TNNI3,1.9765,8.5178,6.5413,12.0218,1.5871775909178442e-17,0.0,True
TPM1,1.524,8.4096,6.8857,9.0139,6.704713555120186e-13,0.0,True
MYL2,1.9528,8.5046,6.5518,11.3661,2.751594645089353e-16,0.0,True
MYL3,1.9354,8.5561,6.6207,12.2833,6.008670860903537e-19,0.0,True
ACTC1,1.7147,8.4347,6.72,10.6916,6.026999750189215e-17,0.0,True
TNNC1,1.4112,8.5028,7.0916,8.2,6.741180847800179e-12,0.0,True
TCAP,1.8982,8.3391,6.441,10.9231,2.7697008360926878e-15,0.0,True
VCL,1.8306,8.5393,6.7087,10.1062,6.297165711992085e-15,0.0,True
NEXN,1.6963,8.509,6.8127,11.3613,3.795160236661691e-19,0.0,True
CSRP3,1.9444,8.5342,6.5898,12.1454,6.565546576416988e-19,0.0,True
TTN,1.8854,8.5311,6.6457,10.516,1.908073852037611e-15,0.0,True
PLN,1.6331,8.5368,6.9037,10.2886,6.453100755194114e-16,0.0,True
COL1A1,1.846,8.6171,6.7712,10.2062,3.6728824428683955e-15,0.0,True
COL3A1,1.9057,8.5919,6.6862,11.8855,1.4021220701193929e-18,0.0,True
COL1A2,1.7476,8.495,6.7473,9.1023,5.962584728447439e-13,0.0,True
POSTN,1.6398,8.452,6.8122,9.5117,1.0647305277814914e-13,0.0,True
FN1,1.8675,8.6232,6.7557,11.1724,4.324472992118446e-16,0.0,True
TGFB2,1.5357,8.5386,7.0029,8.2044,1.2606087561928595e-11,0.0,True
BNP,1.9488,8.5986,6.6498,11.7343,7.287800479158119e-18,0.0,True
ANP,1.7421,8.4219,6.6798,8.0865,1.1651522875376137e-10,0.0,True
MMP2,1.8769,8.4753,6.5984,11.5899,3.8569143837361117e-17,0.0,True
MMP9,1.698,8.3866,6.6886,10.4718,1.595795403284653e-15,0.0,True
ACTA1,1.8693,8.3866,6.5173,11.4675,1.9417271951151222e-17,0.0,True
ACTN2,1.9597,8.6162,6.6565,13.1485,5.739950894825419e-23,0.0,True
CKM,1.6743,8.4367,6.7624,9.1197,3.480040373119564e-13,0.0,True
TNFSF11,1.9614,8.6247,6.6633,10.8955,1.5935818213606155e-15,0.0,True
CAMK2D,1.961,8.5248,6.5638,11.0468,3.1967174639232097e-16,0.0,True
SERCA2A,-2.9242,5.0211,7.9454,-16.2175,1.2464532522946537e-23,0.0,True
CASQ2,-1.4631,5.8525,7.3156,-9.5092,3.5667287848439073e-14,0.0,True
RYR2,-3.0079,4.7737,7.7817,-19.5544,3.06103493979632e-28,0.0,True
PLN_CTRL,-1.4961,5.7816,7.2777,-9.26,2.685678432876336e-13,0.0,True
CACNA1C,-1.5521,5.7063,7.2584,-9.1437,7.785377103644958e-13,0.0,True
SCN5A,-1.7697,5.8151,7.5848,-11.5811,4.535385179255944e-18,0.0,True
KCNQ1,-1.6856,5.7394,7.425,-11.3199,3.442160337010579e-17,0.0,True
KCNH2,-1.87,5.636,7.5059,-11.04,6.744038976766837e-17,0.0,True
HRC,-1.586,5.7327,7.3187,-11.1773,9.798936887759355e-17,0.0,True
CMYA5,-1.5148,5.9695,7.4844,-10.2458,1.2686791111052919e-14,0.0,True
ATP2A2,-1.4917,5.8186,7.3102,-9.2743,1.7385502408530021e-13,0.0,True
SLN,-1.4903,5.7823,7.2726,-9.3909,6.994158914529007e-14,0.0,True
CRYAB,-1.6635,5.659,7.3224,-8.7702,5.541803285677165e-12,0.0,True
HSP90AA1,-1.6396,5.7709,7.4106,-9.8908,1.0138439044764755e-14,0.0,True
HSPB1,-1.6662,5.6835,7.3496,-10.6124,4.725239849500054e-16,0.0,True
ADRB1,-1.5051,5.9134,7.4184,-9.0733,1.3813188174037629e-12,0.0,True
GJA1,-1.6558,5.7079,7.3638,-9.8961,4.642942130553441e-15,0.0,True
GJA5,-1.746,5.596,7.3421,-10.4224,2.9188281841563895e-15,0.0,True
NPR1,-1.356,5.9059,7.262,-9.0719,7.47344327035938e-14,0.0,True
NPPA_LOW,-1.5497,5.8279,7.3775,-9.7586,1.1952390569888631e-14,0.0,True
GENE_0109,-0.7676,5.9731,6.7407,-3.7892,0.0003292204419149661,0.001291,True
GENE_0105,-0.5093,5.9942,6.5036,-3.094,0.002582775937979015,0.009934,True
GENE_0027,-0.5254,5.9439,6.4693,-2.7796,0.007013061491355296,0.026464,True
GENE_0133,0.5178,6.3578,5.84,2.4271,0.018044577847951982,0.066832,False
GENE_0101,0.4217,6.343,5.9213,2.3214,0.022964993724975076,0.083509,False
GENE_0083,0.4088,6.4095,6.0008,2.0793,0.0413878134079287,0.147814,False
GENE_0099,-0.4099,6.0677,6.4776,-2.0158,0.048002264744393223,0.168429,False
GENE_0010,0.4004,6.3642,5.9637,1.9773,0.05254159977559551,0.181178,False
GENE_0074,0.394,6.4817,6.0878,1.9241,0.05807231661763573,0.196855,False
GENE_0094,-0.3783,6.2594,6.6378,-1.9156,0.0594761562108325,0.198254,False
GENE_0028,0.3661,6.1283,5.7622,1.894,0.06231714110723098,0.204318,False
GENE_0073,-0.3301,6.2067,6.5368,-1.8419,0.06945689118061374,0.224054,False
GENE_0049,0.3455,6.3951,6.0496,1.8331,0.07077803002747715,0.224692,False
GENE_0147,0.3498,6.0919,5.7422,1.8288,0.07236288433207506,0.226134,False
GENE_0097,0.3204,6.2159,5.8955,1.7948,0.07665580768045051,0.23229,False
GENE_0118,0.3371,6.4472,6.1102,1.7967,0.07601697101285343,0.23229,False
GENE_0026,-0.3527,6.0279,6.3806,-1.728,0.08904023931104466,0.265792,False
GENE_0090,0.3062,6.4175,6.1113,1.6962,0.09378666905834557,0.275843,False
GENE_0066,-0.3551,6.1275,6.4826,-1.6303,0.10803176022211115,0.313136,False
GENE_0122,0.3735,6.2163,5.8428,1.5948,0.11616435551486219,0.327224,False
GENE_0051,-0.3124,6.2232,6.5357,-1.5953,0.11527000673032203,0.327224,False
GENE_0065,-0.3278,6.1238,6.4516,-1.5819,0.1191749955760967,0.327464,False
GENE_0059,-0.3108,6.2078,6.5186,-1.5768,0.11952436672764542,0.327464,False
GENE_0048,0.314,6.3923,6.0784,1.5073,0.13722551723237938,0.369571,False
GENE_0034,0.3369,6.1326,5.7958,1.5008,0.13858927052036601,0.369571,False
GENE_0060,-0.3254,6.0629,6.3883,-1.474,0.1455101639011294,0.382921,False
GENE_0078,0.2937,6.5163,6.2226,1.4521,0.1508357744209615,0.391781,False
GENE_0013,-0.3287,6.2291,6.5578,-1.4355,0.15648777610728085,0.399844,False
GENE_0088,0.2644,6.3401,6.0757,1.4291,0.15793841138458528,0.399844,False
GENE_0053,0.3134,6.2561,5.9427,1.3965,0.16788535165862903,0.419713,False
GENE_0132,-0.2449,6.0521,6.297,-1.3837,0.17018867466438226,0.420219,False
GENE_0130,-0.3158,6.0029,6.3186,-1.3764,0.17348543751897932,0.423002,False
GENE_0115,0.2839,6.2347,5.9508,1.3692,0.17554576580224862,0.423002,False
GENE_0011,0.2551,6.2702,6.0151,1.2586,0.21246491499810982,0.505869,False
GENE_0052,-0.2806,6.2707,6.5513,-1.2177,0.2281736851363669,0.529926,False
GENE_0054,-0.2354,6.2957,6.5311,-1.2118,0.23051764877957717,0.529926,False
GENE_0031,0.2415,6.3104,6.0689,1.2196,0.22617551442820488,0.529926,False
GENE_0017,-0.2236,6.0222,6.2459,-1.1989,0.23476774621825708,0.533563,False
GENE_0111,0.2439,6.331,6.0871,1.164,0.24862788775503916,0.558714,False
GENE_0022,-0.2435,6.062,6.3056,-1.1491,0.25445176046958534,0.565448,False
GENE_0110,0.2353,6.2618,6.0265,1.13,0.2619355459574772,0.575683,False
GENE_0129,-0.2455,6.3795,6.625,-1.0953,0.2777486924617787,0.603802,False
GENE_0077,0.2205,6.4994,6.2789,1.0529,0.2961893940508326,0.636966,False
GENE_0140,0.19,6.1785,5.9885,1.0315,0.30575962292084863,0.643704,False
GENE_0116,0.2528,6.2904,6.0376,1.0403,0.3028037024684564,0.643704,False
GENE_0038,-0.2037,5.9706,6.1743,-1.0183,0.3121250405843226,0.64423,False
GENE_0120,-0.2145,6.1393,6.3538,-1.0189,0.3124516670050724,0.64423,False
GENE_0081,0.2248,6.3553,6.1306,1.0024,0.3197630455928083,0.650769,False
GENE_0085,0.2107,6.1893,5.9786,0.9977,0.32213074977701506,0.650769,False
GENE_0003,0.182,6.2999,6.118,0.9834,0.3291870900249003,0.658374,False
GENE_0125,-0.2024,6.1303,6.3327,-0.9479,0.34676355502610257,0.666902,False
GENE_0144,0.2179,6.193,5.9751,0.935,0.3534582511035198,0.666902,False
GENE_0146,-0.2213,6.1312,6.3525,-0.9455,0.34820515607042163,0.666902,False
GENE_0104,0.185,6.3081,6.1231,0.9478,0.34651956756399355,0.666902,False
GENE_0021,-0.201,6.0766,6.2776,-0.9603,0.34019597976215815,0.666902,False
GENE_0024,0.1923,6.3946,6.2024,0.9398,0.35052765755191234,0.666902,False
GENE_0086,-0.1653,6.2077,6.3729,-0.8806,0.3813136916544152,0.712736,False
GENE_0018,0.1593,6.2401,6.0808,0.8675,0.3884978029089124,0.71944,False
GENE_0112,0.189,6.2336,6.0445,0.8607,0.39273041001616305,0.720606,False
GENE_0064,-0.194,5.9521,6.1461,-0.8466,0.4001407926535122,0.727529,False
GENE_0092,-0.2096,6.109,6.3186,-0.8242,0.4133513642212698,0.734942,False
GENE_0089,0.1662,6.3136,6.1474,0.8206,0.41477186013695727,0.734942,False
GENE_0058,0.1743,6.1744,6.0,0.8205,0.41524207600443874,0.734942,False
GENE_0046,-0.1651,6.1823,6.3473,-0.8116,0.41936787429991174,0.735733,False
GENE_0091,-0.1621,6.2323,6.3944,-0.8032,0.42467309082324095,0.738562,False
GENE_0040,-0.1795,6.0687,6.2482,-0.7944,0.42973629041127975,0.740925,False
GENE_0001,0.1917,6.2738,6.0821,0.7876,0.4342156714370655,0.742249,False
GENE_0030,-0.1692,5.9634,6.1326,-0.7754,0.44100193318188974,0.747461,False
GENE_0067,-0.158,6.2269,6.385,-0.7305,0.46791610275424755,0.766883,False
GENE_0004,0.1601,6.3018,6.1417,0.7288,0.46872234121545986,0.766883,False
GENE_0107,-0.15,6.0331,6.1832,-0.7329,0.4662696600993052,0.766883,False
GENE_0121,0.1367,6.2132,6.0765,0.7128,0.47817021699562695,0.766883,False
GENE_0131,0.1499,6.244,6.0941,0.7119,0.4793019870889108,0.766883,False
GENE_0127,-0.1355,6.2327,6.3681,-0.7131,0.4776780586608448,0.766883,False
GENE_0057,-0.1485,6.1229,6.2714,-0.7359,0.4641931554779836,0.766883,False
GENE_0108,-0.137,6.1444,6.2814,-0.6773,0.5003306936498587,0.794176,False
GENE_0037,0.1394,6.3471,6.2077,0.6629,0.5099394967087222,0.79678,False
GENE_0149,-0.1323,6.1894,6.3218,-0.6635,0.509235712193415,0.79678,False
GENE_0023,0.1361,6.3725,6.2364,0.6492,0.5183610396721127,0.797479,False
GENE_0019,-0.1327,6.0802,6.2129,-0.6507,0.5175003744096484,0.797479,False
GENE_0079,-0.112,6.2436,6.3556,-0.639,0.5245331069627132,0.79981,False
GENE_0080,0.1077,6.2984,6.1907,0.6275,0.5318733929876236,0.79981,False
GENE_0035,0.1227,6.2602,6.1375,0.6319,0.5296483218432709,0.79981,False
GENE_0075,-0.1285,6.0998,6.2284,-0.5889,0.5580141570089112,0.81292,False
GENE_0015,0.1298,6.3558,6.226,0.5727,0.5690442456776071,0.81292,False
GENE_0025,0.11,6.1912,6.0812,0.5795,0.5639669620080073,0.81292,False
GENE_0014,-0.1257,6.1272,6.2529,-0.5969,0.5526801191352966,0.81292,False
GENE_0084,-0.1112,6.1046,6.2158,-0.5718,0.5689897799659229,0.81292,False
GENE_0050,-0.1233,6.1519,6.2752,-0.5816,0.5628736028425889,0.81292,False
GENE_0044,-0.1264,6.2046,6.3311,-0.5996,0.5510210409563605,0.81292,False
GENE_0002,0.1011,6.2002,6.099,0.5431,0.5885127375756405,0.828891,False
GENE_0007,0.1167,6.2963,6.1795,0.5459,0.5871439301238476,0.828891,False
GENE_0093,0.1149,6.1862,6.0713,0.5296,0.5983115783896358,0.830988,False
GENE_0029,0.1002,6.329,6.2289,0.533,0.5954401921135118,0.830988,False
GENE_0114,0.1044,6.2971,6.1927,0.5223,0.6029730401041432,0.831687,False
GENE_0005,0.1151,6.1947,6.0796,0.5032,0.6166298701936189,0.844698,False
GENE_0020,0.1183,6.2487,6.1304,0.4939,0.6230885413900628,0.84774,False
GENE_0055,0.1116,6.3453,6.2336,0.4841,0.6302216881192956,0.851651,False
GENE_0137,0.1016,6.2122,6.1105,0.4667,0.6423233169010831,0.856431,False
GENE_0150,-0.097,6.0498,6.1468,-0.4706,0.6396179589380514,0.856431,False
GENE_0136,-0.1001,6.1536,6.2538,-0.4525,0.6525220760584177,0.864268,False
GENE_0043,0.0928,6.2426,6.1498,0.4438,0.6585872695512535,0.866562,False
GENE_0123,0.0954,6.3039,6.2085,0.43,0.6687708791918581,0.87421,False
GENE_0106,0.0954,6.3237,6.2283,0.4184,0.6772518323887198,0.879548,False
GENE_0124,-0.0827,6.1744,6.2571,-0.3977,0.692157848542001,0.893107,False
GENE_0096,0.0706,6.2031,6.1325,0.3894,0.6979238177198603,0.893346,False
GENE_0062,0.072,6.2197,6.1477,0.3851,0.7012766074019551,0.893346,False
GENE_0061,-0.0707,6.0939,6.1646,-0.3665,0.7150680764508802,0.905149,False
GENE_0039,-0.0844,6.0859,6.1703,-0.3496,0.728004167873526,0.913737,False
GENE_0068,-0.0749,6.1806,6.2555,-0.3392,0.735557959326476,0.913737,False
GENE_0070,-0.0704,6.3583,6.4287,-0.3442,0.7317780758653231,0.913737,False
GENE_0033,0.064,6.2116,6.1476,0.2978,0.766881466494033,0.93596,False
GENE_0009,0.0721,6.082,6.0099,0.2971,0.7674874398548289,0.93596,False
GENE_0100,0.0626,5.9943,5.9317,0.3088,0.7584402663021002,0.93596,False
GENE_0126,-0.0606,6.1852,6.2458,-0.2484,0.8046945053783898,0.940308,False
GENE_0139,0.0637,6.2289,6.1652,0.251,0.8027917673161217,0.940308,False
GENE_0145,-0.0466,6.1051,6.1516,-0.243,0.8086647726281414,0.940308,False
GENE_0087,0.0592,6.3748,6.3156,0.2787,0.7815377374124073,0.940308,False
GENE_0148,-0.0544,6.2531,6.3076,-0.2465,0.8061759234446079,0.940308,False
GENE_0076,0.0542,6.2115,6.1573,0.2668,0.7904479489587233,0.940308,False
GENE_0016,0.059,6.338,6.279,0.276,0.783348090564924,0.940308,False
GENE_0045,0.0514,6.0477,5.9964,0.272,0.7864383048598339,0.940308,False
GENE_0006,-0.0445,6.2424,6.2869,-0.2272,0.8208680849006801,0.943853,False
GENE_0095,-0.048,6.2778,6.3257,-0.2271,0.8211520940627268,0.943853,False
GENE_0135,-0.041,6.1171,6.1581,-0.2115,0.833114658656111,0.947265,False
GENE_0063,-0.0459,6.1486,6.1944,-0.2111,0.8335933621065966,0.947265,False
GENE_0032,-0.0478,6.2015,6.2493,-0.1939,0.846958563657433,0.957015,False
GENE_0056,-0.0409,6.1032,6.144,-0.1874,0.8519660853585598,0.957265,False
GENE_0012,0.033,6.4275,6.3945,0.1791,0.8584174461971025,0.959126,False
GENE_0072,-0.0207,6.2635,6.2843,-0.1183,0.9060715859016011,0.964705,False
GENE_0042,0.0311,6.1587,6.1276,0.1517,0.8798546574571031,0.964705,False
GENE_0036,0.0222,6.1773,6.1551,0.1163,0.9077790387106328,0.964705,False
GENE_0041,0.0358,6.1087,6.0729,0.1491,0.8819883360489346,0.964705,False
GENE_0008,-0.0315,6.2724,6.3039,-0.1542,0.8779011049093254,0.964705,False
GENE_0134,0.0197,6.0492,6.0295,0.1053,0.9164694145835932,0.964705,False
GENE_0119,-0.0272,6.261,6.2881,-0.142,0.8874734447953038,0.964705,False
GENE_0098,-0.0244,6.1399,6.1643,-0.1282,0.898361751993097,0.964705,False
GENE_0117,0.0202,6.3112,6.291,0.1108,0.9120394090329104,0.964705,False
GENE_0138,-0.0224,6.2562,6.2787,-0.1097,0.9130178226463883,0.964705,False
GENE_0082,-0.0274,6.274,6.3013,-0.1384,0.8902689339936045,0.964705,False
GENE_0071,0.0138,6.1315,6.1177,0.0625,0.9503370601348321,0.976554,False
GENE_0113,-0.0123,6.2025,6.2149,-0.0624,0.9504354487048635,0.976554,False
GENE_0141,-0.0131,6.3378,6.3509,-0.0559,0.9556398355647622,0.976554,False
GENE_0143,0.0157,6.2314,6.2157,0.077,0.9388753628639552,0.976554,False
GENE_0103,0.0101,6.2469,6.2368,0.054,0.9570224991635897,0.976554,False
GENE_0142,0.016,6.2289,6.2129,0.071,0.943653672178326,0.976554,False
GENE_0102,-0.0113,6.2189,6.2303,-0.0459,0.963556485230281,0.97823,False
GENE_0047,0.0046,6.1338,6.1292,0.023,0.9817542409763346,0.987296,False
GENE_0069,-0.0049,6.2278,6.2327,-0.0222,0.9823599854608328,0.987296,False
GENE_0128,-0.0016,6.2161,6.2176,-0.0081,0.993522564534525,0.993523,False
