gene,mean_shap
RYR2,0.08157539911142264
MYBPC3,0.04190069106642764
SERCA2A,0.03476097100379118
MYL3,0.022481673002058625
MYH7,0.018278039098372324
COL3A1,0.015851102178054344
ACTN2,0.015178660407223661
KCNQ1,0.013355688098201736
TNNI3,0.012427730180170748
FN1,0.011342877255287947
SCN5A,0.010902901923440162
TCAP,0.009970171594170093
MYL2,0.009271761224526501
TNFSF11,0.008762784603721251
CSRP3,0.008161631320449132
BNP,0.00809456302767652
CAMK2D,0.0062723313195078186
COL1A2,0.005839110580546123
MMP2,0.005830685882891299
MMP9,0.005629244162673251
KCNH2,0.005567385375590577
HRC,0.005255797377583455
ACTA1,0.0051348406104722195
TPM1,0.005005526155069417
TTN,0.004828498545148324
VCL,0.004608497733664798
CMYA5,0.0040387448502765535
NEXN,0.003926265981454793
COL1A1,0.0035160163374040004
CACNA1C,0.0033135171158169066
TNNT2,0.0026688331859349925
POSTN,0.002244164943638806
PLN_CTRL,0.002129065109105284
PLN,0.002037871151628476
CKM,0.0017129511226197716
ANP,0.001686385260059946
ACTC1,0.0015783686830401211
CASQ2,0.0011300343712395853
TNNC1,0.001040450494411266
TGFB2,0.0009647484340535566
