sample_id,mean_expr,median_expr,std_expr,n_detected,pct_low,outlier
GSM900000,8.764510154724121,8.752480506896973,1.8638479709625244,4875,0.62,False
GSM900001,8.75387191772461,8.744986534118652,1.8405377864837646,4900,0.42,False
GSM900002,8.797344207763672,8.774820327758789,1.8471014499664307,4904,0.42,False
GSM900003,8.60963249206543,8.582012176513672,1.871584415435791,4861,0.5,False
GSM900004,8.714494705200195,8.683517456054688,1.8557515144348145,4884,0.42,False
GSM900005,8.393189430236816,8.326253890991211,1.8387020826339722,4812,0.64,False
GSM900006,8.342878341674805,8.306228637695312,1.8437695503234863,4804,0.7799999999999999,False
GSM900007,8.534929275512695,8.494126319885254,1.8460850715637207,4834,0.44,False
GSM900008,8.766728401184082,8.711771011352539,1.8608675003051758,4890,0.44,False
GSM900009,8.579390525817871,8.573917388916016,1.8414725065231323,4845,0.66,False
GSM900010,8.68830394744873,8.683856964111328,1.8372206687927246,4870,0.58,False
GSM900011,8.51575756072998,8.481681823730469,1.8287185430526733,4850,0.66,False
GSM900012,8.680473327636719,8.637866973876953,1.8470293283462524,4877,0.52,False
GSM900013,8.660053253173828,8.597173690795898,1.8581387996673584,4874,0.58,False
GSM900014,8.552046775817871,8.533868789672852,1.8558154106140137,4832,0.7000000000000001,False
GSM900015,8.6002779006958,8.57052230834961,1.8485950231552124,4844,0.52,False
GSM900016,8.747095108032227,8.756999969482422,1.8810163736343384,4866,0.48,False
GSM900017,8.654314994812012,8.595054626464844,1.8609535694122314,4860,0.5599999999999999,False
GSM900018,8.460604667663574,8.407751083374023,1.8684104681015015,4826,0.45999999999999996,False
GSM900019,8.795062065124512,8.75799560546875,1.8710471391677856,4897,0.42,False
GSM900020,8.48264217376709,8.412679672241211,1.8795344829559326,4824,0.8999999999999999,False
GSM900021,8.57927131652832,8.536468505859375,1.8626832962036133,4845,0.7000000000000001,False
GSM900022,8.661373138427734,8.630191802978516,1.8675707578659058,4892,0.5,False
GSM900023,8.517644882202148,8.503841400146484,1.8627464771270752,4833,0.7000000000000001,False
GSM900024,8.60735034942627,8.577851295471191,1.8511865139007568,4856,0.5,False
GSM900025,8.50075912475586,8.460297584533691,1.8580156564712524,4826,0.8200000000000001,False
GSM900026,8.690741539001465,8.634416580200195,1.8490180969238281,4883,0.3,False
GSM900027,8.824838638305664,8.809442520141602,1.85166335105896,4887,0.48,False
GSM900028,8.731472969055176,8.7201566696167,1.8452941179275513,4876,0.6,False
GSM900029,8.514569282531738,8.47860050201416,1.8206815719604492,4855,0.54,False
GSM900030,8.216951370239258,8.16868782043457,1.8104816675186157,4789,0.86,False
GSM900031,8.705410957336426,8.683605194091797,1.8655496835708618,4876,0.5,False
GSM900032,8.603096961975098,8.577362060546875,1.8276231288909912,4862,0.5,False
GSM900033,8.5060453414917,8.49668025970459,1.81843101978302,4861,0.5,False
GSM900034,8.470328330993652,8.40479850769043,1.8675868511199951,4844,0.5599999999999999,False
GSM900035,8.626687049865723,8.619075775146484,1.8652689456939697,4847,0.5,False
GSM900036,8.541279792785645,8.487421035766602,1.8382761478424072,4864,0.52,False
GSM900037,8.881115913391113,8.8653564453125,1.8656439781188965,4901,0.44,False
GSM900038,8.605856895446777,8.568113327026367,1.8666645288467407,4858,0.54,False
GSM900039,8.594294548034668,8.55838680267334,1.833246111869812,4859,0.7799999999999999,False
GSM900040,8.433112144470215,8.411819458007812,1.8548558950424194,4818,0.64,False
GSM900041,8.508138656616211,8.477487564086914,1.8302404880523682,4861,0.48,False
GSM900042,8.424029350280762,8.399847984313965,1.843990683555603,4821,0.5599999999999999,False
GSM900043,8.59411907196045,8.579095840454102,1.869714379310608,4848,0.5599999999999999,False
GSM900044,8.441754341125488,8.408670425415039,1.854026436805725,4809,0.8999999999999999,False
GSM900045,8.841151237487793,8.791303634643555,1.899707317352295,4876,0.7000000000000001,False
GSM900046,8.534295082092285,8.493990898132324,1.8649526834487915,4830,0.76,False
GSM900047,8.626935958862305,8.58621597290039,1.829215168952942,4869,0.5599999999999999,False
GSM900048,8.51443862915039,8.469602584838867,1.8623653650283813,4863,0.6,False
GSM900049,8.542790412902832,8.50609016418457,1.836708664894104,4843,0.6799999999999999,False
GSM900050,8.56134033203125,8.54555892944336,1.826974868774414,4845,0.42,False
GSM900051,8.427572250366211,8.399887084960938,1.8477500677108765,4830,0.72,False
GSM900052,8.395328521728516,8.312616348266602,1.8476933240890503,4822,0.64,False
GSM900053,8.906386375427246,8.856258392333984,1.8645908832550049,4904,0.54,False
GSM900054,8.571222305297852,8.50735855102539,1.8161908388137817,4858,0.7000000000000001,False
GSM900055,8.38870906829834,8.368560791015625,1.7996371984481812,4837,0.66,False
GSM900056,8.354854583740234,8.320415496826172,1.8147040605545044,4811,0.7000000000000001,False
GSM900057,8.15664005279541,8.164703369140625,1.8160361051559448,4747,0.8999999999999999,False
GSM900058,8.581855773925781,8.518625259399414,1.8712024688720703,4854,0.58,False
GSM900059,8.55346393585205,8.498985290527344,1.8442745208740234,4865,0.6799999999999999,False
GSM900060,8.671568870544434,8.646183013916016,1.8443269729614258,4869,0.64,False
GSM900061,8.695245742797852,8.683356285095215,1.8396248817443848,4895,0.4,False
GSM900062,8.510122299194336,8.466280937194824,1.8431320190429688,4839,0.54,False
GSM900063,8.43423080444336,8.387979507446289,1.8276715278625488,4811,0.8,False
GSM900064,8.914916038513184,8.884527206420898,1.877091407775879,4922,0.45999999999999996,False
GSM900065,8.618494987487793,8.55430793762207,1.8527976274490356,4879,0.5,False
GSM900066,8.501249313354492,8.436832427978516,1.8378174304962158,4856,0.6,False
GSM900067,8.541199684143066,8.503316879272461,1.8558992147445679,4851,0.5599999999999999,False
GSM900068,8.465485572814941,8.41379451751709,1.822361946105957,4845,0.7799999999999999,False
GSM900069,8.757271766662598,8.728044509887695,1.862266182899475,4872,0.42,False
GSM900070,8.594439506530762,8.553842544555664,1.8561036586761475,4853,0.6,False
GSM900071,8.629280090332031,8.620656967163086,1.8263676166534424,4869,0.6,False
GSM900072,8.31132984161377,8.262296676635742,1.8171594142913818,4813,0.72,False
GSM900073,8.719642639160156,8.722639083862305,1.8381450176239014,4885,0.52,False
GSM900074,8.71748161315918,8.70068359375,1.8539077043533325,4880,0.4,False
GSM900075,8.325498580932617,8.266876220703125,1.8201570510864258,4809,0.76,False
GSM900076,8.424993515014648,8.393468856811523,1.847585678100586,4823,0.72,False
GSM900077,8.597476959228516,8.58272933959961,1.8129526376724243,4856,0.58,False
GSM900078,8.50371265411377,8.512855529785156,1.8299607038497925,4816,0.64,False
GSM900079,8.2367582321167,8.18674087524414,1.812793254852295,4776,0.7799999999999999,False
GSM900080,8.724820137023926,8.722092628479004,1.8542693853378296,4867,0.45999999999999996,False
GSM900081,8.457921028137207,8.405744552612305,1.8347426652908325,4847,0.58,False
GSM900082,8.444168090820312,8.419442176818848,1.8083443641662598,4836,0.64,False
GSM900083,8.113418579101562,8.055355072021484,1.797582745552063,4756,0.62,False
GSM900084,8.502031326293945,8.499092102050781,1.8142220973968506,4865,0.7000000000000001,False
GSM900085,8.778091430664062,8.743844985961914,1.8723864555358887,4889,0.44,False
GSM900086,8.520264625549316,8.462425231933594,1.8226040601730347,4862,0.52,False
GSM900087,8.720977783203125,8.707679748535156,1.8864835500717163,4884,0.38,False
GSM900088,8.752135276794434,8.705610275268555,1.8515424728393555,4891,0.45999999999999996,False
GSM900089,8.626777648925781,8.622719764709473,1.8551461696624756,4868,0.62,False
GSM900090,8.521638870239258,8.476717948913574,1.860137939453125,4841,0.52,False
GSM900091,8.826797485351562,8.794149398803711,1.8731244802474976,4885,0.52,False
GSM900092,8.819076538085938,8.85214614868164,1.8835541009902954,4867,0.44,False
GSM900093,8.445960998535156,8.405664443969727,1.8773988485336304,4834,0.52,False
GSM900094,8.726099014282227,8.674336433410645,1.839302659034729,4885,0.5,False
GSM900095,8.67330551147461,8.629846572875977,1.8551344871520996,4861,0.62,False
GSM900096,8.40166187286377,8.383562088012695,1.8334569931030273,4833,0.6,False
GSM900097,8.62034797668457,8.591434478759766,1.8406505584716797,4878,0.38,False
GSM900098,8.470930099487305,8.438508987426758,1.8321752548217773,4825,0.62,False
GSM900099,8.322816848754883,8.279584884643555,1.8145921230316162,4807,0.66,False
GSM900100,8.669137954711914,8.639970779418945,1.860263466835022,4874,0.6,False
GSM900101,8.348402976989746,8.333876609802246,1.8105733394622803,4808,0.64,False
GSM900102,8.470633506774902,8.443805694580078,1.850204348564148,4830,0.6,False
GSM900103,8.499716758728027,8.442270278930664,1.8737070560455322,4825,0.76,False
GSM900104,8.513772964477539,8.46681022644043,1.818606972694397,4850,0.5,False
GSM900105,8.7991361618042,8.720470428466797,1.8638641834259033,4886,0.5,False
GSM901000,8.44061279296875,8.435714721679688,1.7578355073928833,4851,0.0,False
GSM901001,8.566457748413086,8.522876739501953,1.7497854232788086,4894,0.0,False
GSM901002,8.278555870056152,8.280299186706543,1.749090552330017,4825,0.0,False
GSM901003,8.421531677246094,8.44021224975586,1.762015700340271,4837,0.0,False
GSM901004,8.696523666381836,8.685297012329102,1.7865715026855469,4895,0.0,False
GSM901005,8.612091064453125,8.599665641784668,1.7709463834762573,4880,0.0,False
GSM901006,8.512847900390625,8.512628555297852,1.781586766242981,4845,0.0,False
GSM901007,8.40025806427002,8.395562171936035,1.7343517541885376,4848,0.0,False
GSM901008,8.481278419494629,8.428590774536133,1.7790515422821045,4875,0.0,False
GSM901009,8.527436256408691,8.50544548034668,1.7384027242660522,4857,0.0,False
GSM901010,8.419157981872559,8.378689765930176,1.7222055196762085,4874,0.0,False
GSM901011,8.66312026977539,8.65780258178711,1.7386600971221924,4892,0.0,False
GSM901012,8.465230941772461,8.439369201660156,1.7478986978530884,4862,0.0,False
GSM901013,8.353776931762695,8.332305908203125,1.7765463590621948,4831,0.0,False
GSM901014,8.666112899780273,8.639657020568848,1.7606581449508667,4902,0.0,False
GSM901015,8.518991470336914,8.491119384765625,1.7602401971817017,4877,0.0,False
GSM901016,8.432126998901367,8.423225402832031,1.7552064657211304,4870,0.0,False
GSM901017,8.727195739746094,8.713232040405273,1.751468300819397,4913,0.0,False
GSM901018,8.445116996765137,8.442873001098633,1.7631841897964478,4864,0.0,False
GSM901019,8.287185668945312,8.287069320678711,1.7429347038269043,4823,0.0,False
GSM901020,8.410819053649902,8.383153915405273,1.7594759464263916,4862,0.0,False
GSM901021,8.482083320617676,8.457876205444336,1.7710834741592407,4863,0.0,False
GSM901022,8.604763984680176,8.596656799316406,1.7776200771331787,4875,0.0,False
GSM901023,8.57597827911377,8.558692932128906,1.7768621444702148,4871,0.0,False
GSM901024,8.592291831970215,8.58639907836914,1.7383359670639038,4895,0.0,False
GSM901025,8.419798851013184,8.40928840637207,1.760972261428833,4850,0.0,False
GSM901026,8.398908615112305,8.346220016479492,1.773420810699463,4846,0.0,False
GSM901027,8.66158390045166,8.62291145324707,1.7539602518081665,4882,0.0,False
GSM901028,8.662980079650879,8.678131103515625,1.7965896129608154,4877,0.0,False
GSM901029,8.321451187133789,8.260580062866211,1.7099889516830444,4853,0.0,False
GSM901030,8.669305801391602,8.66822624206543,1.771990180015564,4883,0.0,False
GSM901031,8.502482414245605,8.508428573608398,1.7461978197097778,4855,0.0,False
GSM901032,8.371562957763672,8.336286544799805,1.7377527952194214,4823,0.0,False
GSM901033,8.488329887390137,8.47955322265625,1.7315664291381836,4882,0.0,False
GSM901034,8.621546745300293,8.65157699584961,1.7731366157531738,4885,0.0,False
GSM901035,8.461612701416016,8.427042007446289,1.7781363725662231,4865,0.0,False
GSM901036,8.477251052856445,8.444927215576172,1.7573717832565308,4859,0.0,False
GSM901037,8.592153549194336,8.580860137939453,1.7431273460388184,4893,0.0,False
GSM901038,8.404963493347168,8.342676162719727,1.7633203268051147,4861,0.0,False
