sample_id,label,title,source,age,sex
GSM900000,HCM,Hypertrophic cardiomyopathy LV tissue GSM900000,"Left ventricular cardiac tissue, HCM patient",57,M
GSM900001,HCM,Hypertrophic cardiomyopathy LV tissue GSM900001,"Left ventricular cardiac tissue, HCM patient",38,M
GSM900002,HCM,Hypertrophic cardiomyopathy LV tissue GSM900002,"Left ventricular cardiac tissue, HCM patient",57,M
GSM900003,HCM,Hypertrophic cardiomyopathy LV tissue GSM900003,"Left ventricular cardiac tissue, HCM patient",41,M
GSM900004,HCM,Hypertrophic cardiomyopathy LV tissue GSM900004,"Left ventricular cardiac tissue, HCM patient",64,F
GSM900005,HCM,Hypertrophic cardiomyopathy LV tissue GSM900005,"Left ventricular cardiac tissue, HCM patient",39,M
GSM900006,HCM,Hypertrophic cardiomyopathy LV tissue GSM900006,"Left ventricular cardiac tissue, HCM patient",40,M
GSM900007,HCM,Hypertrophic cardiomyopathy LV tissue GSM900007,"Left ventricular cardiac tissue, HCM patient",73,M
GSM900008,HCM,Hypertrophic cardiomyopathy LV tissue GSM900008,"Left ventricular cardiac tissue, HCM patient",79,M
GSM900009,HCM,Hypertrophic cardiomyopathy LV tissue GSM900009,"Left ventricular cardiac tissue, HCM patient",47,F
GSM900010,HCM,Hypertrophic cardiomyopathy LV tissue GSM900010,"Left ventricular cardiac tissue, HCM patient",35,M
GSM900011,HCM,Hypertrophic cardiomyopathy LV tissue GSM900011,"Left ventricular cardiac tissue, HCM patient",78,M
GSM900012,HCM,Hypertrophic cardiomyopathy LV tissue GSM900012,"Left ventricular cardiac tissue, HCM patient",68,M
GSM900013,HCM,Hypertrophic cardiomyopathy LV tissue GSM900013,"Left ventricular cardiac tissue, HCM patient",78,M
GSM900014,HCM,Hypertrophic cardiomyopathy LV tissue GSM900014,"Left ventricular cardiac tissue, HCM patient",57,F
GSM900015,HCM,Hypertrophic cardiomyopathy LV tissue GSM900015,"Left ventricular cardiac tissue, HCM patient",35,M
GSM900016,HCM,Hypertrophic cardiomyopathy LV tissue GSM900016,"Left ventricular cardiac tissue, HCM patient",68,F
GSM900017,HCM,Hypertrophic cardiomyopathy LV tissue GSM900017,"Left ventricular cardiac tissue, HCM patient",64,F
GSM900018,HCM,Hypertrophic cardiomyopathy LV tissue GSM900018,"Left ventricular cardiac tissue, HCM patient",74,F
GSM900019,HCM,Hypertrophic cardiomyopathy LV tissue GSM900019,"Left ventricular cardiac tissue, HCM patient",58,F
GSM900020,HCM,Hypertrophic cardiomyopathy LV tissue GSM900020,"Left ventricular cardiac tissue, HCM patient",55,M
GSM900021,HCM,Hypertrophic cardiomyopathy LV tissue GSM900021,"Left ventricular cardiac tissue, HCM patient",35,M
GSM900022,HCM,Hypertrophic cardiomyopathy LV tissue GSM900022,"Left ventricular cardiac tissue, HCM patient",61,F
GSM900023,HCM,Hypertrophic cardiomyopathy LV tissue GSM900023,"Left ventricular cardiac tissue, HCM patient",54,F
GSM900024,HCM,Hypertrophic cardiomyopathy LV tissue GSM900024,"Left ventricular cardiac tissue, HCM patient",39,M
GSM900025,HCM,Hypertrophic cardiomyopathy LV tissue GSM900025,"Left ventricular cardiac tissue, HCM patient",51,F
GSM900026,HCM,Hypertrophic cardiomyopathy LV tissue GSM900026,"Left ventricular cardiac tissue, HCM patient",39,M
GSM900027,HCM,Hypertrophic cardiomyopathy LV tissue GSM900027,"Left ventricular cardiac tissue, HCM patient",40,M
GSM900028,HCM,Hypertrophic cardiomyopathy LV tissue GSM900028,"Left ventricular cardiac tissue, HCM patient",73,M
GSM900029,HCM,Hypertrophic cardiomyopathy LV tissue GSM900029,"Left ventricular cardiac tissue, HCM patient",64,M
GSM900030,HCM,Hypertrophic cardiomyopathy LV tissue GSM900030,"Left ventricular cardiac tissue, HCM patient",37,F
GSM900031,HCM,Hypertrophic cardiomyopathy LV tissue GSM900031,"Left ventricular cardiac tissue, HCM patient",59,M
GSM900032,HCM,Hypertrophic cardiomyopathy LV tissue GSM900032,"Left ventricular cardiac tissue, HCM patient",54,F
GSM900033,HCM,Hypertrophic cardiomyopathy LV tissue GSM900033,"Left ventricular cardiac tissue, HCM patient",58,F
GSM900034,HCM,Hypertrophic cardiomyopathy LV tissue GSM900034,"Left ventricular cardiac tissue, HCM patient",37,M
GSM900035,HCM,Hypertrophic cardiomyopathy LV tissue GSM900035,"Left ventricular cardiac tissue, HCM patient",52,M
GSM900036,HCM,Hypertrophic cardiomyopathy LV tissue GSM900036,"Left ventricular cardiac tissue, HCM patient",35,M
GSM900037,HCM,Hypertrophic cardiomyopathy LV tissue GSM900037,"Left ventricular cardiac tissue, HCM patient",71,F
GSM900038,HCM,Hypertrophic cardiomyopathy LV tissue GSM900038,"Left ventricular cardiac tissue, HCM patient",46,M
GSM900039,HCM,Hypertrophic cardiomyopathy LV tissue GSM900039,"Left ventricular cardiac tissue, HCM patient",36,F
GSM900040,HCM,Hypertrophic cardiomyopathy LV tissue GSM900040,"Left ventricular cardiac tissue, HCM patient",38,F
GSM900041,HCM,Hypertrophic cardiomyopathy LV tissue GSM900041,"Left ventricular cardiac tissue, HCM patient",47,F
GSM900042,HCM,Hypertrophic cardiomyopathy LV tissue GSM900042,"Left ventricular cardiac tissue, HCM patient",57,F
GSM900043,HCM,Hypertrophic cardiomyopathy LV tissue GSM900043,"Left ventricular cardiac tissue, HCM patient",65,F
GSM900044,HCM,Hypertrophic cardiomyopathy LV tissue GSM900044,"Left ventricular cardiac tissue, HCM patient",44,M
GSM900045,HCM,Hypertrophic cardiomyopathy LV tissue GSM900045,"Left ventricular cardiac tissue, HCM patient",42,M
GSM900046,HCM,Hypertrophic cardiomyopathy LV tissue GSM900046,"Left ventricular cardiac tissue, HCM patient",47,F
GSM900047,HCM,Hypertrophic cardiomyopathy LV tissue GSM900047,"Left ventricular cardiac tissue, HCM patient",64,M
GSM900048,HCM,Hypertrophic cardiomyopathy LV tissue GSM900048,"Left ventricular cardiac tissue, HCM patient",38,F
GSM900049,HCM,Hypertrophic cardiomyopathy LV tissue GSM900049,"Left ventricular cardiac tissue, HCM patient",79,M
GSM900050,HCM,Hypertrophic cardiomyopathy LV tissue GSM900050,"Left ventricular cardiac tissue, HCM patient",70,F
GSM900051,HCM,Hypertrophic cardiomyopathy LV tissue GSM900051,"Left ventricular cardiac tissue, HCM patient",36,M
GSM900052,HCM,Hypertrophic cardiomyopathy LV tissue GSM900052,"Left ventricular cardiac tissue, HCM patient",39,M
GSM900053,HCM,Hypertrophic cardiomyopathy LV tissue GSM900053,"Left ventricular cardiac tissue, HCM patient",58,M
GSM900054,HCM,Hypertrophic cardiomyopathy LV tissue GSM900054,"Left ventricular cardiac tissue, HCM patient",74,F
GSM900055,HCM,Hypertrophic cardiomyopathy LV tissue GSM900055,"Left ventricular cardiac tissue, HCM patient",79,M
GSM900056,HCM,Hypertrophic cardiomyopathy LV tissue GSM900056,"Left ventricular cardiac tissue, HCM patient",66,M
GSM900057,HCM,Hypertrophic cardiomyopathy LV tissue GSM900057,"Left ventricular cardiac tissue, HCM patient",78,F
GSM900058,HCM,Hypertrophic cardiomyopathy LV tissue GSM900058,"Left ventricular cardiac tissue, HCM patient",77,F
GSM900059,HCM,Hypertrophic cardiomyopathy LV tissue GSM900059,"Left ventricular cardiac tissue, HCM patient",53,M
GSM900060,HCM,Hypertrophic cardiomyopathy LV tissue GSM900060,"Left ventricular cardiac tissue, HCM patient",78,M
GSM900061,HCM,Hypertrophic cardiomyopathy LV tissue GSM900061,"Left ventricular cardiac tissue, HCM patient",51,M
GSM900062,HCM,Hypertrophic cardiomyopathy LV tissue GSM900062,"Left ventricular cardiac tissue, HCM patient",67,F
GSM900063,HCM,Hypertrophic cardiomyopathy LV tissue GSM900063,"Left ventricular cardiac tissue, HCM patient",62,M
GSM900064,HCM,Hypertrophic cardiomyopathy LV tissue GSM900064,"Left ventricular cardiac tissue, HCM patient",48,M
GSM900065,HCM,Hypertrophic cardiomyopathy LV tissue GSM900065,"Left ventricular cardiac tissue, HCM patient",48,M
GSM900066,HCM,Hypertrophic cardiomyopathy LV tissue GSM900066,"Left ventricular cardiac tissue, HCM patient",41,F
GSM900067,HCM,Hypertrophic cardiomyopathy LV tissue GSM900067,"Left ventricular cardiac tissue, HCM patient",35,F
GSM900068,HCM,Hypertrophic cardiomyopathy LV tissue GSM900068,"Left ventricular cardiac tissue, HCM patient",49,M
GSM900069,HCM,Hypertrophic cardiomyopathy LV tissue GSM900069,"Left ventricular cardiac tissue, HCM patient",43,M
GSM900070,HCM,Hypertrophic cardiomyopathy LV tissue GSM900070,"Left ventricular cardiac tissue, HCM patient",55,F
GSM900071,HCM,Hypertrophic cardiomyopathy LV tissue GSM900071,"Left ventricular cardiac tissue, HCM patient",68,F
GSM900072,HCM,Hypertrophic cardiomyopathy LV tissue GSM900072,"Left ventricular cardiac tissue, HCM patient",45,M
GSM900073,HCM,Hypertrophic cardiomyopathy LV tissue GSM900073,"Left ventricular cardiac tissue, HCM patient",72,M
GSM900074,HCM,Hypertrophic cardiomyopathy LV tissue GSM900074,"Left ventricular cardiac tissue, HCM patient",63,F
GSM900075,HCM,Hypertrophic cardiomyopathy LV tissue GSM900075,"Left ventricular cardiac tissue, HCM patient",47,M
GSM900076,HCM,Hypertrophic cardiomyopathy LV tissue GSM900076,"Left ventricular cardiac tissue, HCM patient",48,M
GSM900077,HCM,Hypertrophic cardiomyopathy LV tissue GSM900077,"Left ventricular cardiac tissue, HCM patient",41,F
GSM900078,HCM,Hypertrophic cardiomyopathy LV tissue GSM900078,"Left ventricular cardiac tissue, HCM patient",37,M
GSM900079,HCM,Hypertrophic cardiomyopathy LV tissue GSM900079,"Left ventricular cardiac tissue, HCM patient",61,M
GSM900080,HCM,Hypertrophic cardiomyopathy LV tissue GSM900080,"Left ventricular cardiac tissue, HCM patient",63,F
GSM900081,HCM,Hypertrophic cardiomyopathy LV tissue GSM900081,"Left ventricular cardiac tissue, HCM patient",42,M
GSM900082,HCM,Hypertrophic cardiomyopathy LV tissue GSM900082,"Left ventricular cardiac tissue, HCM patient",68,M
GSM900083,HCM,Hypertrophic cardiomyopathy LV tissue GSM900083,"Left ventricular cardiac tissue, HCM patient",69,F
GSM900084,HCM,Hypertrophic cardiomyopathy LV tissue GSM900084,"Left ventricular cardiac tissue, HCM patient",55,F
GSM900085,HCM,Hypertrophic cardiomyopathy LV tissue GSM900085,"Left ventricular cardiac tissue, HCM patient",76,M
GSM900086,HCM,Hypertrophic cardiomyopathy LV tissue GSM900086,"Left ventricular cardiac tissue, HCM patient",57,F
GSM900087,HCM,Hypertrophic cardiomyopathy LV tissue GSM900087,"Left ventricular cardiac tissue, HCM patient",49,F
GSM900088,HCM,Hypertrophic cardiomyopathy LV tissue GSM900088,"Left ventricular cardiac tissue, HCM patient",56,M
GSM900089,HCM,Hypertrophic cardiomyopathy LV tissue GSM900089,"Left ventricular cardiac tissue, HCM patient",38,M
GSM900090,HCM,Hypertrophic cardiomyopathy LV tissue GSM900090,"Left ventricular cardiac tissue, HCM patient",41,F
GSM900091,HCM,Hypertrophic cardiomyopathy LV tissue GSM900091,"Left ventricular cardiac tissue, HCM patient",57,M
GSM900092,HCM,Hypertrophic cardiomyopathy LV tissue GSM900092,"Left ventricular cardiac tissue, HCM patient",74,F
GSM900093,HCM,Hypertrophic cardiomyopathy LV tissue GSM900093,"Left ventricular cardiac tissue, HCM patient",52,F
GSM900094,HCM,Hypertrophic cardiomyopathy LV tissue GSM900094,"Left ventricular cardiac tissue, HCM patient",78,F
GSM900095,HCM,Hypertrophic cardiomyopathy LV tissue GSM900095,"Left ventricular cardiac tissue, HCM patient",77,F
GSM900096,HCM,Hypertrophic cardiomyopathy LV tissue GSM900096,"Left ventricular cardiac tissue, HCM patient",59,F
GSM900097,HCM,Hypertrophic cardiomyopathy LV tissue GSM900097,"Left ventricular cardiac tissue, HCM patient",65,F
GSM900098,HCM,Hypertrophic cardiomyopathy LV tissue GSM900098,"Left ventricular cardiac tissue, HCM patient",46,F
GSM900099,HCM,Hypertrophic cardiomyopathy LV tissue GSM900099,"Left ventricular cardiac tissue, HCM patient",36,M
GSM900100,HCM,Hypertrophic cardiomyopathy LV tissue GSM900100,"Left ventricular cardiac tissue, HCM patient",52,M
GSM900101,HCM,Hypertrophic cardiomyopathy LV tissue GSM900101,"Left ventricular cardiac tissue, HCM patient",60,F
GSM900102,HCM,Hypertrophic cardiomyopathy LV tissue GSM900102,"Left ventricular cardiac tissue, HCM patient",71,M
GSM900103,HCM,Hypertrophic cardiomyopathy LV tissue GSM900103,"Left ventricular cardiac tissue, HCM patient",62,F
GSM900104,HCM,Hypertrophic cardiomyopathy LV tissue GSM900104,"Left ventricular cardiac tissue, HCM patient",74,M
GSM900105,HCM,Hypertrophic cardiomyopathy LV tissue GSM900105,"Left ventricular cardiac tissue, HCM patient",43,F
GSM901000,Control,Non-failing donor LV tissue GSM901000,"Left ventricular cardiac tissue, non-failing donor",50,M
GSM901001,Control,Non-failing donor LV tissue GSM901001,"Left ventricular cardiac tissue, non-failing donor",29,M
GSM901002,Control,Non-failing donor LV tissue GSM901002,"Left ventricular cardiac tissue, non-failing donor",31,M
GSM901003,Control,Non-failing donor LV tissue GSM901003,"Left ventricular cardiac tissue, non-failing donor",26,F
GSM901004,Control,Non-failing donor LV tissue GSM901004,"Left ventricular cardiac tissue, non-failing donor",45,M
GSM901005,Control,Non-failing donor LV tissue GSM901005,"Left ventricular cardiac tissue, non-failing donor",33,F
GSM901006,Control,Non-failing donor LV tissue GSM901006,"Left ventricular cardiac tissue, non-failing donor",54,M
GSM901007,Control,Non-failing donor LV tissue GSM901007,"Left ventricular cardiac tissue, non-failing donor",42,F
GSM901008,Control,Non-failing donor LV tissue GSM901008,"Left ventricular cardiac tissue, non-failing donor",40,F
GSM901009,Control,Non-failing donor LV tissue GSM901009,"Left ventricular cardiac tissue, non-failing donor",38,M
GSM901010,Control,Non-failing donor LV tissue GSM901010,"Left ventricular cardiac tissue, non-failing donor",64,F
GSM901011,Control,Non-failing donor LV tissue GSM901011,"Left ventricular cardiac tissue, non-failing donor",51,M
GSM901012,Control,Non-failing donor LV tissue GSM901012,"Left ventricular cardiac tissue, non-failing donor",31,M
GSM901013,Control,Non-failing donor LV tissue GSM901013,"Left ventricular cardiac tissue, non-failing donor",49,M
GSM901014,Control,Non-failing donor LV tissue GSM901014,"Left ventricular cardiac tissue, non-failing donor",51,F
GSM901015,Control,Non-failing donor LV tissue GSM901015,"Left ventricular cardiac tissue, non-failing donor",59,M
GSM901016,Control,Non-failing donor LV tissue GSM901016,"Left ventricular cardiac tissue, non-failing donor",34,M
GSM901017,Control,Non-failing donor LV tissue GSM901017,"Left ventricular cardiac tissue, non-failing donor",60,F
GSM901018,Control,Non-failing donor LV tissue GSM901018,"Left ventricular cardiac tissue, non-failing donor",32,M
GSM901019,Control,Non-failing donor LV tissue GSM901019,"Left ventricular cardiac tissue, non-failing donor",53,M
GSM901020,Control,Non-failing donor LV tissue GSM901020,"Left ventricular cardiac tissue, non-failing donor",29,M
GSM901021,Control,Non-failing donor LV tissue GSM901021,"Left ventricular cardiac tissue, non-failing donor",26,M
GSM901022,Control,Non-failing donor LV tissue GSM901022,"Left ventricular cardiac tissue, non-failing donor",39,M
GSM901023,Control,Non-failing donor LV tissue GSM901023,"Left ventricular cardiac tissue, non-failing donor",59,F
GSM901024,Control,Non-failing donor LV tissue GSM901024,"Left ventricular cardiac tissue, non-failing donor",43,F
GSM901025,Control,Non-failing donor LV tissue GSM901025,"Left ventricular cardiac tissue, non-failing donor",39,F
GSM901026,Control,Non-failing donor LV tissue GSM901026,"Left ventricular cardiac tissue, non-failing donor",51,F
GSM901027,Control,Non-failing donor LV tissue GSM901027,"Left ventricular cardiac tissue, non-failing donor",60,F
GSM901028,Control,Non-failing donor LV tissue GSM901028,"Left ventricular cardiac tissue, non-failing donor",35,M
GSM901029,Control,Non-failing donor LV tissue GSM901029,"Left ventricular cardiac tissue, non-failing donor",64,F
GSM901030,Control,Non-failing donor LV tissue GSM901030,"Left ventricular cardiac tissue, non-failing donor",38,F
GSM901031,Control,Non-failing donor LV tissue GSM901031,"Left ventricular cardiac tissue, non-failing donor",36,M
GSM901032,Control,Non-failing donor LV tissue GSM901032,"Left ventricular cardiac tissue, non-failing donor",45,F
GSM901033,Control,Non-failing donor LV tissue GSM901033,"Left ventricular cardiac tissue, non-failing donor",37,F
GSM901034,Control,Non-failing donor LV tissue GSM901034,"Left ventricular cardiac tissue, non-failing donor",55,F
GSM901035,Control,Non-failing donor LV tissue GSM901035,"Left ventricular cardiac tissue, non-failing donor",56,F
GSM901036,Control,Non-failing donor LV tissue GSM901036,"Left ventricular cardiac tissue, non-failing donor",59,F
GSM901037,Control,Non-failing donor LV tissue GSM901037,"Left ventricular cardiac tissue, non-failing donor",28,F
GSM901038,Control,Non-failing donor LV tissue GSM901038,"Left ventricular cardiac tissue, non-failing donor",50,F
