probe_id,mean_hcm,mean_ctrl,log2fc,t_stat,p_value,p_adj,significant,direction
ILMN_3000244,11.064258998113209,7.977663882051281,3.086595116061928,9.67974654921264,1.0812363289673168e-14,1.8377673719484023e-11,True,Up in HCM
ILMN_3000083,10.920643470754722,7.878734133333335,3.0419093374213872,10.353730111261065,5.887580926220169e-16,2.9437904631100847e-12,True,Up in HCM
ILMN_3000259,11.18354423207547,8.155233546153847,3.028310685921623,8.884249147440375,5.229847176118872e-13,2.0114796831226431e-10,True,Up in HCM
ILMN_3000288,11.096032869811323,8.085629807692309,3.010403062119014,9.232558499105116,3.3009321019392016e-13,1.500423682699637e-10,True,Up in HCM
ILMN_3000108,10.885001052830187,7.940732843589743,2.9442682092404446,9.041896351490406,2.512357412647866e-13,1.256178706323933e-10,True,Up in HCM
SPARC,10.742237441509433,7.802216261538461,2.940021179970972,9.464973016293685,1.1026604231690413e-14,1.8377673719484023e-11,True,Up in HCM
ILMN_3000031,11.050944027358494,8.115829394871795,2.935114632486698,8.059569852952322,3.564357159021959e-11,5.469508442300497e-09,True,Up in HCM
GALNT6,11.089117396226417,8.170625110256411,2.9184922859700055,9.299517476504324,1.1356244582529005e-13,8.111603273235004e-11,True,Up in HCM
ILMN_3000052,10.920971881132076,8.032147674358974,2.8888242067731014,9.146843105026445,3.8479823162924785e-13,1.6033259651218662e-10,True,Up in HCM
ILMN_3000166,10.840837638679245,7.974223051282051,2.866614587397194,9.295860924913542,6.022361082004804e-14,5.0186342350040034e-11,True,Up in HCM
ILMN_3000133,11.192037967924527,8.339653951282054,2.852384016642473,8.433048202679547,2.79674671140898e-12,7.359859766865737e-10,True,Up in HCM
ILMN_3000060,11.029659408490568,8.18959503076923,2.8400643777213386,8.302426121558709,6.905532037340079e-12,1.5694390993954722e-09,True,Up in HCM
ILMN_3000138,11.224593981132074,8.417898648717948,2.806695332414126,7.434626239058379,3.9281613933727635e-10,2.993066103780337e-08,True,Up in HCM
ILMN_3000207,11.283436119811322,8.499859389743591,2.7835767300677308,7.730175289403152,1.1583919379142749e-10,1.259121671645951e-08,True,Up in HCM
ILMN_3000135,11.294674562264154,8.52269256923077,2.7719819930333838,8.898310901272021,1.5387751082661647e-13,9.617344426663529e-11,True,Up in HCM
ILMN_3000045,10.956255376415097,8.186908430769233,2.7693469456458644,8.680668965120605,1.5074420955192294e-12,4.710756548497592e-10,True,Up in HCM
ILMN_3000243,10.536936278301884,7.777988807692311,2.7589474706095727,8.336535639598319,7.71055064126813e-12,1.6170803278719246e-09,True,Up in HCM
ILMN_3000170,11.22891355754717,8.504203487179488,2.7247100703676814,7.653022394150783,1.3846633643798174e-10,1.3846633643798173e-08,True,Up in HCM
ILMN_3000050,10.768315031132081,8.052877484615388,2.715437546516693,9.316375386815569,1.4833225825130503e-14,1.854153228141313e-11,True,Up in HCM
ILMN_3000040,11.228453717924525,8.530779035897435,2.69767468202709,7.928174953517989,4.2959639826439056e-11,5.585645318777499e-09,True,Up in HCM
ILMN_3000459,6.640729216037738,8.731543458974361,-2.0908142429366228,-5.87298863764819,2.231797076597237e-07,5.307614199001837e-06,True,Down in HCM
ILMN_3000365,6.537246885849055,8.634995058974356,-2.097748173125301,-6.775723811507323,4.188140869423464e-09,1.9943527949635542e-07,True,Down in HCM
ILMN_3000411,6.47531522264151,8.573999535897437,-2.0986843132559274,-6.379476747893457,2.8543481871549082e-08,9.84257995570658e-07,True,Down in HCM
ILMN_3000405,6.582335616037735,8.690316384615386,-2.107980768577651,-7.051966828792714,1.005567336961353e-09,6.284795856008456e-08,True,Down in HCM
ILMN_3000424,6.580549472641512,8.691404092307693,-2.1108546196661804,-6.971930864466666,1.7149088451444426e-09,9.855797960600246e-08,True,Down in HCM
ILMN_3000328,6.601192483962262,8.727521684615384,-2.126329200653122,-6.011613144668568,1.3710436129230622e-07,3.570426075320475e-06,True,Down in HCM
ILMN_3000366,6.611857853773585,8.738851723076925,-2.12699386930334,-7.026666360408822,1.8987213599552467e-09,1.0432534944809047e-07,True,Down in HCM
CKM,6.56727509528302,8.69641112051282,-2.1291360252298004,-6.211910985261911,6.617521437200265e-08,1.9695004277381743e-06,True,Down in HCM
ILMN_3000472,6.795736823584906,8.927715815384614,-2.1319789917997083,-5.966269488799455,1.0215618047385364e-07,2.821993935741813e-06,True,Down in HCM
PPARGC1A,6.803238757547173,8.944432479487181,-2.1411937219400086,-6.718546822605784,6.254625587077994e-09,2.751889898099184e-07,True,Down in HCM
ILMN_3000465,6.5533746556603765,8.702051743589747,-2.1486770879293706,-6.759506946394681,3.800056685042781e-09,1.9000283425213907e-07,True,Down in HCM
ILMN_3000451,6.634930937735847,8.808298425641023,-2.1733674879051765,-7.557883379048551,9.156568296521626e-11,1.0900676543478127e-08,True,Down in HCM
ILMN_3000327,6.655098909433961,8.836710151282054,-2.181611241848093,-6.031576823922528,1.2039272572521332e-07,3.201934194819503e-06,True,Down in HCM
ILMN_3000419,6.917174555660379,9.11270746153846,-2.19553290587808,-7.252605331681542,6.525034535987693e-10,4.350023023991796e-08,True,Down in HCM
SDHA,6.551310233962263,8.761765915384611,-2.2104556814223484,-7.142903426228776,1.5001167900306695e-09,8.824216411945114e-08,True,Down in HCM
ILMN_3000347,7.11834249245283,9.331676217948717,-2.213333725495887,-6.880569831092401,4.0549148658408296e-09,1.9684052746800144e-07,True,Down in HCM
ILMN_3000421,6.917985487735849,9.145094551282051,-2.2271090635462025,-5.8033510996664885,3.1055405308781595e-07,6.93201011356732e-06,True,Down in HCM
PPARA,6.7892674160377355,9.020954874358976,-2.2316874583212405,-7.30469858016425,4.263969201671727e-10,3.089832754834585e-08,True,Down in HCM
ILMN_3000441,6.40626563773585,8.719898689743587,-2.313633052007737,-7.4541072083876925,3.421217328669248e-10,2.786410399361388e-08,True,Down in HCM
ILMN_3000325,6.739578614150943,9.13077478205128,-2.391196167900336,-6.922384036354101,3.0293644683030636e-09,1.561528076444878e-07,True,Down in HCM
